Date,Flow
01/01/1990,26.42
02/01/1990,30.94
03/01/1990,40.23
04/01/1990,41.95
05/01/1990,37.42
06/01/1990,33.85
07/01/1990,31.49
08/01/1990,37.31
09/01/1990,49.15
10/01/1990,49.22
11/01/1990,44.18
12/01/1990,40.14
13/01/1990,36.41
14/01/1990,42.01
15/01/1990,44.72
16/01/1990,39.17
17/01/1990,35.13
18/01/1990,31.91
19/01/1990,29.30
20/01/1990,28.23
21/01/1990,31.03
22/01/1990,31.48
23/01/1990,29.11
24/01/1990,27.57
25/01/1990,26.26
26/01/1990,25.19
27/01/1990,24.18
28/01/1990,23.05
29/01/1990,21.95
30/01/1990,21.08
31/01/1990,20.24
01/02/1990,31.76
02/02/1990,137.20
03/02/1990,516.83
04/02/1990,288.00
05/02/1990,151.45
06/02/1990,113.32
07/02/1990,104.67
08/02/1990,99.38
09/02/1990,79.54
10/02/1990,60.51
11/02/1990,49.38
12/02/1990,40.69
13/02/1990,36.48
14/02/1990,35.74
15/02/1990,34.37
16/02/1990,34.09
17/02/1990,60.09
18/02/1990,138.85
19/02/1990,260.68
20/02/1990,263.91
21/02/1990,263.34
22/02/1990,456.96
23/02/1990,257.69
24/02/1990,135.96
25/02/1990,87.49
26/02/1990,63.91
27/02/1990,51.26
28/02/1990,43.59
01/03/1990,58.05
02/03/1990,86.83
03/03/1990,93.15
04/03/1990,82.40
05/03/1990,62.62
06/03/1990,51.68
07/03/1990,83.53
08/03/1990,259.93
09/03/1990,250.80
10/03/1990,147.08
11/03/1990,99.69
12/03/1990,71.78
13/03/1990,55.15
14/03/1990,46.19
15/03/1990,39.07
16/03/1990,71.41
17/03/1990,241.23
18/03/1990,219.54
19/03/1990,231.41
20/03/1990,202.40
21/03/1990,114.69
22/03/1990,78.20
23/03/1990,58.70
24/03/1990,44.33
25/03/1990,36.53
26/03/1990,39.31
27/03/1990,50.02
28/03/1990,59.95
29/03/1990,101.60
30/03/1990,249.00
31/03/1990,275.73
01/04/1990,178.98
02/04/1990,125.00
03/04/1990,109.34
04/04/1990,103.29
05/04/1990,108.02
06/04/1990,129.68
07/04/1990,152.56
08/04/1990,220.48
09/04/1990,198.17
10/04/1990,117.58
11/04/1990,78.84
12/04/1990,60.19
13/04/1990,46.99
14/04/1990,37.37
15/04/1990,30.28
16/04/1990,27.18
17/04/1990,26.04
18/04/1990,27.00
19/04/1990,29.15
20/04/1990,34.53
21/04/1990,47.60
22/04/1990,75.97
23/04/1990,124.25
24/04/1990,131.13
25/04/1990,131.78
26/04/1990,146.00
27/04/1990,108.36
28/04/1990,77.08
29/04/1990,59.72
30/04/1990,49.14
01/05/1990,46.54
02/05/1990,43.03
03/05/1990,36.97
04/05/1990,29.38
05/05/1990,28.71
06/05/1990,28.51
07/05/1990,27.22
08/05/1990,25.88
09/05/1990,23.70
10/05/1990,21.08
11/05/1990,18.90
12/05/1990,18.55
13/05/1990,18.96
14/05/1990,33.85
15/05/1990,86.81
16/05/1990,92.77
17/05/1990,77.77
18/05/1990,119.45
19/05/1990,157.81
20/05/1990,175.50
21/05/1990,183.63
22/05/1990,109.32
23/05/1990,72.27
24/05/1990,63.52
25/05/1990,56.44
26/05/1990,44.65
27/05/1990,35.21
28/05/1990,28.84
29/05/1990,26.30
30/05/1990,24.83
31/05/1990,23.63
01/06/1990,21.76
02/06/1990,19.13
03/06/1990,16.79
04/06/1990,15.22
05/06/1990,13.93
06/06/1990,42.48
07/06/1990,362.01
08/06/1990,143.30
09/06/1990,72.25
10/06/1990,49.22
11/06/1990,37.60
12/06/1990,28.26
13/06/1990,22.97
14/06/1990,19.50
15/06/1990,17.03
16/06/1990,15.35
17/06/1990,13.91
18/06/1990,12.88
19/06/1990,12.02
20/06/1990,11.42
21/06/1990,10.78
22/06/1990,10.47
23/06/1990,10.39
24/06/1990,12.07
25/06/1990,10.88
26/06/1990,10.41
27/06/1990,20.93
28/06/1990,20.59
29/06/1990,31.68
30/06/1990,77.88
01/07/1990,149.85
02/07/1990,152.83
03/07/1990,132.88
04/07/1990,99.68
05/07/1990,107.64
06/07/1990,107.42
07/07/1990,75.31
08/07/1990,93.40
09/07/1990,186.62
10/07/1990,277.26
11/07/1990,242.90
12/07/1990,176.24
13/07/1990,152.04
14/07/1990,129.46
15/07/1990,91.09
16/07/1990,65.79
17/07/1990,50.01
18/07/1990,37.59
19/07/1990,31.75
20/07/1990,42.93
21/07/1990,65.53
22/07/1990,61.56
23/07/1990,50.13
24/07/1990,567.65
25/07/1990,413.02
26/07/1990,225.51
27/07/1990,135.74
28/07/1990,96.16
29/07/1990,89.87
30/07/1990,77.24
31/07/1990,66.01
01/08/1990,55.07
02/08/1990,41.52
03/08/1990,30.13
04/08/1990,55.83
05/08/1990,136.80
06/08/1990,83.00
07/08/1990,50.99
08/08/1990,39.30
09/08/1990,34.58
10/08/1990,29.88
11/08/1990,27.47
12/08/1990,25.80
13/08/1990,41.66
14/08/1990,71.77
15/08/1990,102.83
16/08/1990,1504.37
17/08/1990,690.28
18/08/1990,377.36
19/08/1990,237.75
20/08/1990,915.11
21/08/1990,418.20
22/08/1990,186.37
23/08/1990,93.90
24/08/1990,56.60
25/08/1990,40.91
26/08/1990,31.41
27/08/1990,25.97
28/08/1990,22.53
29/08/1990,19.97
30/08/1990,20.85
31/08/1990,30.98
01/09/1990,50.12
02/09/1990,91.26
03/09/1990,142.08
04/09/1990,95.34
05/09/1990,68.46
06/09/1990,53.52
07/09/1990,106.60
08/09/1990,354.73
09/09/1990,243.22
10/09/1990,225.76
11/09/1990,158.11
12/09/1990,133.40
13/09/1990,187.05
14/09/1990,166.24
15/09/1990,101.21
16/09/1990,104.66
17/09/1990,116.86
18/09/1990,88.64
19/09/1990,65.27
20/09/1990,103.60
21/09/1990,150.18
22/09/1990,96.06
23/09/1990,68.72
24/09/1990,53.51
25/09/1990,43.50
26/09/1990,36.09
27/09/1990,30.07
28/09/1990,31.34
29/09/1990,40.62
30/09/1990,55.21
01/10/1990,133.53
02/10/1990,366.23
03/10/1990,355.31
04/10/1990,273.42
05/10/1990,492.63
06/10/1990,363.55
07/10/1990,197.87
08/10/1990,119.60
09/10/1990,80.12
10/10/1990,60.83
11/10/1990,46.79
12/10/1990,36.52
13/10/1990,29.48
14/10/1990,25.80
15/10/1990,23.12
16/10/1990,21.07
17/10/1990,20.13
18/10/1990,47.95
19/10/1990,274.96
20/10/1990,187.73
21/10/1990,110.16
22/10/1990,76.20
23/10/1990,58.46
24/10/1990,48.41
25/10/1990,52.22
26/10/1990,62.76
27/10/1990,60.41
28/10/1990,127.78
29/10/1990,464.19
30/10/1990,279.17
31/10/1990,245.27
01/11/1990,267.70
02/11/1990,386.75
03/11/1990,271.79
04/11/1990,381.19
05/11/1990,332.10
06/11/1990,153.52
07/11/1990,121.42
08/11/1990,216.94
09/11/1990,259.74
10/11/1990,222.84
11/11/1990,444.86
12/11/1990,444.09
13/11/1990,237.93
14/11/1990,196.25
15/11/1990,199.91
16/11/1990,156.82
17/11/1990,106.77
18/11/1990,75.17
19/11/1990,57.94
20/11/1990,48.63
21/11/1990,44.94
22/11/1990,40.68
23/11/1990,100.62
24/11/1990,303.33
25/11/1990,270.24
26/11/1990,481.16
27/11/1990,326.92
28/11/1990,192.58
29/11/1990,129.51
30/11/1990,89.53
01/12/1990,71.97
02/12/1990,97.79
03/12/1990,157.09
04/12/1990,367.38
05/12/1990,635.44
06/12/1990,280.32
07/12/1990,143.90
08/12/1990,92.03
09/12/1990,67.28
10/12/1990,53.63
11/12/1990,45.01
12/12/1990,38.50
13/12/1990,34.85
14/12/1990,31.26
15/12/1990,28.67
16/12/1990,40.23
17/12/1990,52.32
18/12/1990,68.59
19/12/1990,138.80
20/12/1990,147.56
21/12/1990,96.15
22/12/1990,82.19
23/12/1990,102.22
24/12/1990,111.05
25/12/1990,120.22
26/12/1990,124.36
27/12/1990,108.70
28/12/1990,100.52
29/12/1990,109.15
30/12/1990,101.20
31/12/1990,73.14
01/01/1991,68.99
02/01/1991,62.74
03/01/1991,51.50
04/01/1991,44.46
05/01/1991,39.16
06/01/1991,76.72
07/01/1991,413.41
08/01/1991,463.25
09/01/1991,434.88
10/01/1991,245.58
11/01/1991,130.48
12/01/1991,86.19
13/01/1991,62.50
14/01/1991,50.17
15/01/1991,42.09
16/01/1991,36.34
17/01/1991,44.59
18/01/1991,62.95
19/01/1991,108.84
20/01/1991,174.81
21/01/1991,158.25
22/01/1991,134.88
23/01/1991,114.00
24/01/1991,115.91
25/01/1991,96.43
26/01/1991,73.07
27/01/1991,100.55
28/01/1991,124.78
29/01/1991,122.71
30/01/1991,155.66
31/01/1991,129.13
01/02/1991,92.87
02/02/1991,81.56
03/02/1991,68.34
04/02/1991,54.26
05/02/1991,46.63
06/02/1991,40.75
07/02/1991,36.28
08/02/1991,32.90
09/02/1991,29.80
10/02/1991,28.03
11/02/1991,48.77
12/02/1991,512.51
13/02/1991,640.40
14/02/1991,403.62
15/02/1991,200.29
16/02/1991,109.92
17/02/1991,77.00
18/02/1991,59.94
19/02/1991,56.59
20/02/1991,68.58
21/02/1991,74.84
22/02/1991,63.30
23/02/1991,54.21
24/02/1991,48.21
25/02/1991,42.08
26/02/1991,37.78
27/02/1991,49.77
28/02/1991,67.27
01/03/1991,87.13
02/03/1991,91.18
03/03/1991,67.87
04/03/1991,56.80
05/03/1991,58.76
06/03/1991,55.00
07/03/1991,47.52
08/03/1991,41.50
09/03/1991,46.63
10/03/1991,70.83
11/03/1991,92.85
12/03/1991,81.17
13/03/1991,67.34
14/03/1991,55.83
15/03/1991,48.40
16/03/1991,42.19
17/03/1991,37.81
18/03/1991,54.84
19/03/1991,155.55
20/03/1991,227.69
21/03/1991,127.97
22/03/1991,85.33
23/03/1991,63.90
24/03/1991,67.63
25/03/1991,93.30
26/03/1991,106.25
27/03/1991,100.50
28/03/1991,84.58
29/03/1991,68.38
30/03/1991,64.44
31/03/1991,56.87
01/04/1991,48.46
02/04/1991,42.85
03/04/1991,53.71
04/04/1991,62.24
05/04/1991,50.92
06/04/1991,43.58
07/04/1991,37.70
08/04/1991,31.63
09/04/1991,26.89
10/04/1991,23.93
11/04/1991,21.52
12/04/1991,19.70
13/04/1991,18.23
14/04/1991,17.13
15/04/1991,16.66
16/04/1991,16.54
17/04/1991,18.14
18/04/1991,17.83
19/04/1991,17.65
20/04/1991,17.45
21/04/1991,16.85
22/04/1991,16.39
23/04/1991,21.14
24/04/1991,21.63
25/04/1991,21.33
26/04/1991,22.73
27/04/1991,22.83
28/04/1991,22.31
29/04/1991,28.26
30/04/1991,33.01
01/05/1991,29.24
02/05/1991,25.42
03/05/1991,21.76
04/05/1991,19.32
05/05/1991,17.51
06/05/1991,16.83
07/05/1991,16.68
08/05/1991,16.11
09/05/1991,15.32
10/05/1991,14.39
11/05/1991,13.57
12/05/1991,13.05
13/05/1991,12.58
14/05/1991,15.77
15/05/1991,16.66
16/05/1991,18.77
17/05/1991,22.18
18/05/1991,23.17
19/05/1991,22.53
20/05/1991,21.33
21/05/1991,19.13
22/05/1991,17.22
23/05/1991,17.33
24/05/1991,17.07
25/05/1991,16.49
26/05/1991,18.13
27/05/1991,20.40
28/05/1991,20.54
29/05/1991,19.91
30/05/1991,30.07
31/05/1991,63.59
01/06/1991,68.12
02/06/1991,49.51
03/06/1991,36.08
04/06/1991,28.09
05/06/1991,24.33
06/06/1991,21.52
07/06/1991,19.46
08/06/1991,18.55
09/06/1991,23.70
10/06/1991,31.26
11/06/1991,38.26
12/06/1991,37.78
13/06/1991,34.28
14/06/1991,31.25
15/06/1991,52.55
16/06/1991,102.95
17/06/1991,81.06
18/06/1991,61.16
19/06/1991,55.90
20/06/1991,60.07
21/06/1991,61.87
22/06/1991,53.74
23/06/1991,96.76
24/06/1991,175.31
25/06/1991,124.68
26/06/1991,96.13
27/06/1991,72.73
28/06/1991,56.12
29/06/1991,47.28
30/06/1991,56.48
01/07/1991,61.11
02/07/1991,41.28
03/07/1991,33.09
04/07/1991,30.01
05/07/1991,27.93
06/07/1991,23.74
07/07/1991,19.45
08/07/1991,16.55
09/07/1991,14.75
10/07/1991,13.38
11/07/1991,12.43
12/07/1991,11.78
13/07/1991,11.40
14/07/1991,10.97
15/07/1991,10.52
16/07/1991,10.25
17/07/1991,10.01
18/07/1991,9.73
19/07/1991,9.55
20/07/1991,14.64
21/07/1991,13.02
22/07/1991,11.39
23/07/1991,21.68
24/07/1991,167.42
25/07/1991,412.06
26/07/1991,180.09
27/07/1991,97.02
28/07/1991,55.55
29/07/1991,37.16
30/07/1991,30.13
31/07/1991,34.68
01/08/1991,38.59
02/08/1991,36.07
03/08/1991,32.68
04/08/1991,56.31
05/08/1991,237.07
06/08/1991,253.66
07/08/1991,134.34
08/08/1991,82.18
09/08/1991,56.10
10/08/1991,41.55
11/08/1991,31.90
12/08/1991,26.70
13/08/1991,23.77
14/08/1991,21.95
15/08/1991,20.12
16/08/1991,17.83
17/08/1991,16.17
18/08/1991,14.86
19/08/1991,13.59
20/08/1991,12.71
21/08/1991,12.01
22/08/1991,11.41
23/08/1991,10.71
24/08/1991,10.08
25/08/1991,9.63
26/08/1991,16.44
27/08/1991,18.02
28/08/1991,18.07
29/08/1991,20.53
30/08/1991,33.62
31/08/1991,238.87
01/09/1991,360.68
02/09/1991,157.49
03/09/1991,141.95
04/09/1991,118.82
05/09/1991,78.07
06/09/1991,53.62
07/09/1991,39.10
08/09/1991,30.36
09/09/1991,25.58
10/09/1991,22.24
11/09/1991,19.91
12/09/1991,17.92
13/09/1991,17.01
14/09/1991,23.69
15/09/1991,27.46
16/09/1991,26.38
17/09/1991,26.15
18/09/1991,25.46
19/09/1991,24.13
20/09/1991,21.94
21/09/1991,20.47
22/09/1991,19.70
23/09/1991,19.32
24/09/1991,18.95
25/09/1991,18.55
26/09/1991,24.77
27/09/1991,33.97
28/09/1991,34.75
29/09/1991,38.03
30/09/1991,44.25
01/10/1991,42.07
02/10/1991,37.23
03/10/1991,32.42
04/10/1991,27.81
05/10/1991,25.41
06/10/1991,25.97
07/10/1991,31.97
08/10/1991,38.02
09/10/1991,47.12
10/10/1991,88.32
11/10/1991,181.34
12/10/1991,147.26
13/10/1991,93.08
14/10/1991,66.55
15/10/1991,94.82
16/10/1991,171.40
17/10/1991,230.17
18/10/1991,303.72
19/10/1991,381.96
20/10/1991,375.25
21/10/1991,1321.49
22/10/1991,445.23
23/10/1991,226.88
24/10/1991,122.93
25/10/1991,81.15
26/10/1991,60.56
27/10/1991,48.08
28/10/1991,38.74
29/10/1991,33.08
30/10/1991,98.67
31/10/1991,378.32
01/11/1991,192.90
02/11/1991,128.52
03/11/1991,671.82
04/11/1991,458.86
05/11/1991,402.29
06/11/1991,321.93
07/11/1991,410.34
08/11/1991,398.64
09/11/1991,178.42
10/11/1991,102.74
11/11/1991,72.04
12/11/1991,59.51
13/11/1991,53.65
14/11/1991,47.19
15/11/1991,71.39
16/11/1991,141.44
17/11/1991,195.82
18/11/1991,249.24
19/11/1991,186.99
20/11/1991,183.51
21/11/1991,214.57
22/11/1991,252.04
23/11/1991,207.55
24/11/1991,122.19
25/11/1991,84.84
26/11/1991,79.92
27/11/1991,79.90
28/11/1991,64.83
29/11/1991,51.75
30/11/1991,44.02
01/12/1991,38.42
02/12/1991,34.67
03/12/1991,31.63
04/12/1991,28.37
05/12/1991,25.75
06/12/1991,24.18
07/12/1991,27.46
08/12/1991,35.20
09/12/1991,37.16
10/12/1991,45.39
11/12/1991,75.12
12/12/1991,176.99
13/12/1991,210.17
14/12/1991,349.93
15/12/1991,454.69
16/12/1991,216.69
17/12/1991,117.39
18/12/1991,149.97
19/12/1991,619.43
20/12/1991,637.02
21/12/1991,589.49
22/12/1991,463.25
23/12/1991,257.26
24/12/1991,156.09
25/12/1991,129.11
26/12/1991,161.39
27/12/1991,151.80
28/12/1991,114.83
29/12/1991,91.89
30/12/1991,68.21
31/12/1991,53.61
01/01/1992,45.65
02/01/1992,39.68
03/01/1992,35.73
04/01/1992,32.19
05/01/1992,28.98
06/01/1992,26.69
07/01/1992,25.01
08/01/1992,23.93
09/01/1992,23.22
10/01/1992,27.17
11/01/1992,47.18
12/01/1992,79.07
13/01/1992,81.93
14/01/1992,69.89
15/01/1992,67.79
16/01/1992,127.56
17/01/1992,205.50
18/01/1992,216.50
19/01/1992,232.66
20/01/1992,180.59
21/01/1992,142.06
22/01/1992,116.07
23/01/1992,204.89
24/01/1992,265.83
25/01/1992,172.32
26/01/1992,181.84
27/01/1992,204.95
28/01/1992,139.25
29/01/1992,91.07
30/01/1992,66.20
31/01/1992,52.81
01/02/1992,45.17
02/02/1992,51.30
03/02/1992,65.05
04/02/1992,82.74
05/02/1992,81.29
06/02/1992,62.03
07/02/1992,50.45
08/02/1992,43.23
09/02/1992,37.48
10/02/1992,35.81
11/02/1992,35.44
12/02/1992,44.25
13/02/1992,88.21
14/02/1992,117.28
15/02/1992,146.89
16/02/1992,639.46
17/02/1992,359.14
18/02/1992,157.98
19/02/1992,98.44
20/02/1992,68.32
21/02/1992,50.59
22/02/1992,40.23
23/02/1992,33.97
24/02/1992,29.23
25/02/1992,26.81
26/02/1992,24.82
27/02/1992,23.05
28/02/1992,21.56
29/02/1992,20.58
01/03/1992,19.57
02/03/1992,19.02
03/03/1992,30.68
04/03/1992,52.13
05/03/1992,45.56
06/03/1992,39.63
07/03/1992,38.41
08/03/1992,36.41
09/03/1992,33.25
10/03/1992,28.90
11/03/1992,25.57
12/03/1992,22.96
13/03/1992,21.02
14/03/1992,20.05
15/03/1992,19.39
16/03/1992,18.84
17/03/1992,18.07
18/03/1992,17.13
19/03/1992,18.54
20/03/1992,18.77
21/03/1992,18.54
22/03/1992,18.23
23/03/1992,17.45
24/03/1992,16.51
25/03/1992,16.00
26/03/1992,22.72
27/03/1992,36.96
28/03/1992,51.49
29/03/1992,48.62
30/03/1992,42.30
31/03/1992,37.55
01/04/1992,54.70
02/04/1992,204.63
03/04/1992,320.59
04/04/1992,151.91
05/04/1992,139.07
06/04/1992,135.55
07/04/1992,148.19
08/04/1992,182.20
09/04/1992,126.46
10/04/1992,111.67
11/04/1992,142.20
12/04/1992,120.09
13/04/1992,81.27
14/04/1992,73.74
15/04/1992,65.46
16/04/1992,58.95
17/04/1992,61.65
18/04/1992,55.20
19/04/1992,44.64
20/04/1992,35.35
21/04/1992,30.56
22/04/1992,27.33
23/04/1992,24.17
24/04/1992,21.33
25/04/1992,19.12
26/04/1992,18.02
27/04/1992,17.82
28/04/1992,24.00
29/04/1992,30.35
30/04/1992,30.75
01/05/1992,28.70
02/05/1992,28.70
03/05/1992,38.33
04/05/1992,45.17
05/05/1992,39.62
06/05/1992,35.67
07/05/1992,30.82
08/05/1992,27.80
09/05/1992,26.15
10/05/1992,24.13
11/05/1992,23.04
12/05/1992,22.72
13/05/1992,24.24
14/05/1992,24.23
15/05/1992,23.50
16/05/1992,22.10
17/05/1992,19.90
18/05/1992,17.96
19/05/1992,16.57
20/05/1992,15.43
21/05/1992,14.87
22/05/1992,14.78
23/05/1992,14.36
24/05/1992,14.01
25/05/1992,19.79
26/05/1992,43.70
27/05/1992,154.12
28/05/1992,216.32
29/05/1992,448.87
30/05/1992,673.39
31/05/1992,537.80
01/06/1992,228.49
02/06/1992,120.14
03/06/1992,94.50
04/06/1992,95.08
05/06/1992,91.60
06/06/1992,72.43
07/06/1992,117.26
08/06/1992,266.89
09/06/1992,422.23
10/06/1992,424.52
11/06/1992,194.63
12/06/1992,112.67
13/06/1992,79.20
14/06/1992,60.40
15/06/1992,49.68
16/06/1992,37.89
17/06/1992,31.48
18/06/1992,29.05
19/06/1992,35.06
20/06/1992,58.45
21/06/1992,146.51
22/06/1992,367.57
23/06/1992,234.21
24/06/1992,124.19
25/06/1992,74.19
26/06/1992,47.79
27/06/1992,43.81
28/06/1992,42.26
29/06/1992,36.52
30/06/1992,29.29
01/07/1992,24.67
02/07/1992,21.56
03/07/1992,19.65
04/07/1992,23.62
05/07/1992,25.33
06/07/1992,24.59
07/07/1992,22.89
08/07/1992,20.93
09/07/1992,19.84
10/07/1992,21.26
11/07/1992,21.26
12/07/1992,20.84
13/07/1992,19.31
14/07/1992,17.03
15/07/1992,15.34
16/07/1992,13.78
17/07/1992,12.71
18/07/1992,11.94
19/07/1992,11.43
20/07/1992,10.80
21/07/1992,10.29
22/07/1992,9.95
23/07/1992,14.94
24/07/1992,12.55
25/07/1992,11.08
26/07/1992,10.64
27/07/1992,10.18
28/07/1992,9.69
29/07/1992,9.41
30/07/1992,9.11
31/07/1992,14.89
01/08/1992,10.82
02/08/1992,9.94
03/08/1992,17.77
04/08/1992,21.73
05/08/1992,24.45
06/08/1992,30.98
07/08/1992,75.96
08/08/1992,305.64
09/08/1992,242.35
10/08/1992,127.70
11/08/1992,81.75
12/08/1992,53.17
13/08/1992,41.02
14/08/1992,34.57
15/08/1992,29.64
16/08/1992,42.72
17/08/1992,69.65
18/08/1992,63.84
19/08/1992,48.54
20/08/1992,35.49
21/08/1992,27.27
22/08/1992,24.59
23/08/1992,23.50
24/08/1992,20.93
25/08/1992,18.07
26/08/1992,16.07
27/08/1992,14.54
28/08/1992,13.35
29/08/1992,12.47
30/08/1992,11.71
31/08/1992,11.03
01/09/1992,10.38
02/09/1992,9.92
03/09/1992,9.53
04/09/1992,9.21
05/09/1992,8.96
06/09/1992,11.38
07/09/1992,9.49
08/09/1992,9.14
09/09/1992,9.89
10/09/1992,13.21
11/09/1992,11.15
12/09/1992,16.43
13/09/1992,18.31
14/09/1992,18.13
15/09/1992,17.91
16/09/1992,17.59
17/09/1992,17.38
18/09/1992,16.79
19/09/1992,15.77
20/09/1992,15.16
21/09/1992,15.00
22/09/1992,14.75
23/09/1992,13.98
24/09/1992,13.15
25/09/1992,12.40
26/09/1992,11.78
27/09/1992,11.27
28/09/1992,10.59
29/09/1992,10.01
30/09/1992,9.49
01/10/1992,9.06
02/10/1992,8.75
03/10/1992,8.50
04/10/1992,8.21
05/10/1992,7.89
06/10/1992,7.63
07/10/1992,7.45
08/10/1992,7.40
09/10/1992,7.33
10/10/1992,7.30
11/10/1992,7.27
12/10/1992,7.19
13/10/1992,7.09
14/10/1992,6.93
15/10/1992,6.81
16/10/1992,6.67
17/10/1992,6.59
18/10/1992,6.49
19/10/1992,6.41
20/10/1992,6.33
21/10/1992,12.31
22/10/1992,14.78
23/10/1992,9.02
24/10/1992,9.48
25/10/1992,8.32
26/10/1992,7.97
27/10/1992,11.16
28/10/1992,8.96
29/10/1992,21.02
30/10/1992,22.34
31/10/1992,21.72
01/11/1992,21.20
02/11/1992,23.16
03/11/1992,23.42
04/11/1992,22.60
05/11/1992,21.80
06/11/1992,21.32
07/11/1992,20.74
08/11/1992,24.82
09/11/1992,77.23
10/11/1992,457.59
11/11/1992,402.48
12/11/1992,253.60
13/11/1992,137.72
14/11/1992,87.47
15/11/1992,63.38
16/11/1992,54.77
17/11/1992,48.72
18/11/1992,41.43
19/11/1992,38.33
20/11/1992,70.82
21/11/1992,173.45
22/11/1992,212.03
23/11/1992,201.72
24/11/1992,146.32
25/11/1992,101.32
26/11/1992,74.97
27/11/1992,148.56
28/11/1992,634.50
29/11/1992,487.68
30/11/1992,482.26
01/12/1992,461.05
02/12/1992,214.08
03/12/1992,115.31
04/12/1992,146.67
05/12/1992,624.60
06/12/1992,414.75
07/12/1992,178.36
08/12/1992,102.64
09/12/1992,154.75
10/12/1992,385.21
11/12/1992,999.01
12/12/1992,634.74
13/12/1992,302.76
14/12/1992,153.20
15/12/1992,95.46
16/12/1992,67.85
17/12/1992,52.69
18/12/1992,42.18
19/12/1992,34.95
20/12/1992,29.80
21/12/1992,26.60
22/12/1992,24.23
23/12/1992,24.62
24/12/1992,24.39
25/12/1992,23.49
26/12/1992,22.67
27/12/1992,21.94
28/12/1992,22.67
29/12/1992,22.42
30/12/1992,23.26
31/12/1992,29.19
01/01/1993,49.77
02/01/1993,80.03
03/01/1993,74.66
04/01/1993,56.97
05/01/1993,47.37
06/01/1993,40.41
07/01/1993,36.02
08/01/1993,32.48
09/01/1993,29.53
10/01/1993,27.87
11/01/1993,26.25
12/01/1993,24.77
13/01/1993,23.41
14/01/1993,30.00
15/01/1993,56.26
16/01/1993,73.61
17/01/1993,56.68
18/01/1993,47.18
19/01/1993,42.84
20/01/1993,62.23
21/01/1993,180.53
22/01/1993,248.07
23/01/1993,140.85
24/01/1993,108.65
25/01/1993,135.04
26/01/1993,158.20
27/01/1993,118.15
28/01/1993,78.63
29/01/1993,84.24
30/01/1993,115.85
31/01/1993,110.03
01/02/1993,80.22
02/02/1993,60.17
03/02/1993,49.02
04/02/1993,52.63
05/02/1993,74.08
06/02/1993,126.43
07/02/1993,241.17
08/02/1993,199.16
09/02/1993,189.35
10/02/1993,165.31
11/02/1993,241.54
12/02/1993,465.53
13/02/1993,270.37
14/02/1993,151.10
15/02/1993,94.19
16/02/1993,67.33
17/02/1993,52.80
18/02/1993,47.91
19/02/1993,42.83
20/02/1993,48.07
21/02/1993,77.06
22/02/1993,186.24
23/02/1993,416.48
24/02/1993,251.91
25/02/1993,134.85
26/02/1993,86.46
27/02/1993,73.01
28/02/1993,76.71
01/03/1993,81.25
02/03/1993,85.87
03/03/1993,74.27
04/03/1993,89.05
05/03/1993,104.30
06/03/1993,77.86
07/03/1993,59.30
08/03/1993,48.71
09/03/1993,39.57
10/03/1993,31.96
11/03/1993,26.80
12/03/1993,23.62
13/03/1993,21.25
14/03/1993,19.39
15/03/1993,17.82
16/03/1993,16.56
17/03/1993,15.63
18/03/1993,15.18
19/03/1993,14.89
20/03/1993,14.20
21/03/1993,13.43
22/03/1993,12.91
23/03/1993,12.40
24/03/1993,13.19
25/03/1993,12.80
26/03/1993,12.68
27/03/1993,12.61
28/03/1993,12.57
29/03/1993,27.45
30/03/1993,145.43
31/03/1993,597.58
01/04/1993,321.36
02/04/1993,150.51
03/04/1993,109.51
04/04/1993,151.69
05/04/1993,360.29
06/04/1993,484.46
07/04/1993,395.77
08/04/1993,202.64
09/04/1993,109.31
10/04/1993,75.51
11/04/1993,55.32
12/04/1993,45.64
13/04/1993,37.16
14/04/1993,28.92
15/04/1993,24.07
16/04/1993,20.66
17/04/1993,18.31
18/04/1993,16.75
19/04/1993,16.04
20/04/1993,20.12
21/04/1993,22.89
22/04/1993,23.12
23/04/1993,21.72
24/04/1993,19.57
25/04/1993,17.69
26/04/1993,16.40
27/04/1993,15.76
28/04/1993,15.44
29/04/1993,14.68
30/04/1993,22.59
01/05/1993,28.51
02/05/1993,27.75
03/05/1993,26.37
04/05/1993,68.91
05/05/1993,243.96
06/05/1993,391.35
07/05/1993,458.15
08/05/1993,206.44
09/05/1993,149.23
10/05/1993,164.01
11/05/1993,147.59
12/05/1993,147.40
13/05/1993,128.16
14/05/1993,85.02
15/05/1993,62.60
16/05/1993,46.17
17/05/1993,33.96
18/05/1993,26.80
19/05/1993,22.88
20/05/1993,24.06
21/05/1993,24.44
22/05/1993,25.52
23/05/1993,25.33
24/05/1993,23.41
25/05/1993,20.47
26/05/1993,17.61
27/05/1993,23.69
28/05/1993,27.74
29/05/1993,28.37
30/05/1993,37.98
31/05/1993,44.02
01/06/1993,38.64
02/06/1993,52.54
03/06/1993,79.06
04/06/1993,68.98
05/06/1993,53.10
06/06/1993,38.16
07/06/1993,27.57
08/06/1993,22.48
09/06/1993,20.11
10/06/1993,18.22
11/06/1993,18.69
12/06/1993,43.17
13/06/1993,155.34
14/06/1993,99.59
15/06/1993,70.32
16/06/1993,54.26
17/06/1993,44.58
18/06/1993,41.88
19/06/1993,39.36
20/06/1993,33.36
21/06/1993,26.59
22/06/1993,21.72
23/06/1993,18.63
24/06/1993,16.44
25/06/1993,14.79
26/06/1993,13.38
27/06/1993,12.35
28/06/1993,11.62
29/06/1993,11.06
30/06/1993,12.64
01/07/1993,13.30
02/07/1993,12.30
03/07/1993,11.97
04/07/1993,11.45
05/07/1993,10.98
06/07/1993,10.93
07/07/1993,10.69
08/07/1993,10.27
09/07/1993,9.91
10/07/1993,22.14
11/07/1993,39.10
12/07/1993,57.58
13/07/1993,97.46
14/07/1993,222.28
15/07/1993,155.31
16/07/1993,89.22
17/07/1993,60.39
18/07/1993,91.59
19/07/1993,252.29
20/07/1993,415.90
21/07/1993,280.71
22/07/1993,153.25
23/07/1993,95.60
24/07/1993,66.54
25/07/1993,48.34
26/07/1993,35.73
27/07/1993,27.39
28/07/1993,24.44
29/07/1993,22.59
30/07/1993,20.11
31/07/1993,18.63
01/08/1993,19.90
02/08/1993,21.56
03/08/1993,25.69
04/08/1993,65.37
05/08/1993,179.66
06/08/1993,213.95
07/08/1993,207.68
08/08/1993,124.55
09/08/1993,117.45
10/08/1993,100.48
11/08/1993,65.89
12/08/1993,43.80
13/08/1993,30.74
14/08/1993,23.76
15/08/1993,19.45
16/08/1993,16.73
17/08/1993,15.16
18/08/1993,13.73
19/08/1993,12.84
20/08/1993,12.09
21/08/1993,11.55
22/08/1993,11.17
23/08/1993,17.91
24/08/1993,16.75
25/08/1993,15.51
26/08/1993,14.49
27/08/1993,14.12
28/08/1993,13.32
29/08/1993,12.49
30/08/1993,17.44
31/08/1993,27.11
01/09/1993,40.62
02/09/1993,36.67
03/09/1993,44.71
04/09/1993,239.98
05/09/1993,363.35
06/09/1993,213.27
07/09/1993,128.89
08/09/1993,92.01
09/09/1993,69.82
10/09/1993,52.69
11/09/1993,39.61
12/09/1993,30.46
13/09/1993,25.41
14/09/1993,21.87
15/09/1993,19.89
16/09/1993,18.22
17/09/1993,20.34
18/09/1993,20.65
19/09/1993,23.40
20/09/1993,24.17
21/09/1993,23.28
22/09/1993,30.27
23/09/1993,36.75
24/09/1993,33.43
25/09/1993,30.26
26/09/1993,27.32
27/09/1993,61.09
28/09/1993,408.42
29/09/1993,445.81
30/09/1993,234.95
01/10/1993,126.92
02/10/1993,82.39
03/10/1993,56.16
04/10/1993,41.76
05/10/1993,33.20
06/10/1993,27.69
07/10/1993,34.79
08/10/1993,84.22
09/10/1993,150.45
10/10/1993,102.57
11/10/1993,72.90
12/10/1993,55.32
13/10/1993,46.44
14/10/1993,39.82
15/10/1993,35.57
16/10/1993,32.12
17/10/1993,68.50
18/10/1993,255.83
19/10/1993,278.80
20/10/1993,653.04
21/10/1993,418.39
22/10/1993,180.77
23/10/1993,105.40
24/10/1993,74.75
25/10/1993,57.22
26/10/1993,47.52
27/10/1993,45.00
28/10/1993,41.27
29/10/1993,36.67
30/10/1993,32.18
31/10/1993,27.90
01/11/1993,24.76
02/11/1993,22.82
03/11/1993,55.90
04/11/1993,717.46
05/11/1993,465.60
06/11/1993,235.82
07/11/1993,195.13
08/11/1993,189.22
09/11/1993,148.29
10/11/1993,224.77
11/11/1993,534.19
12/11/1993,561.92
13/11/1993,392.12
14/11/1993,248.37
15/11/1993,168.60
16/11/1993,141.39
17/11/1993,203.08
18/11/1993,295.86
19/11/1993,183.57
20/11/1993,106.58
21/11/1993,81.24
22/11/1993,141.36
23/11/1993,448.24
24/11/1993,388.86
25/11/1993,228.93
26/11/1993,146.10
27/11/1993,108.14
28/11/1993,86.31
29/11/1993,65.25
30/11/1993,51.94
01/12/1993,44.10
02/12/1993,38.40
03/12/1993,34.63
04/12/1993,35.81
05/12/1993,52.31
06/12/1993,66.30
07/12/1993,67.78
08/12/1993,63.46
09/12/1993,62.73
10/12/1993,109.62
11/12/1993,217.87
12/12/1993,450.76
13/12/1993,441.02
14/12/1993,235.58
15/12/1993,250.42
16/12/1993,409.38
17/12/1993,234.09
18/12/1993,264.90
19/12/1993,1030.12
20/12/1993,424.91
21/12/1993,220.10
22/12/1993,125.38
23/12/1993,85.00
24/12/1993,70.14
25/12/1993,66.53
26/12/1993,57.08
27/12/1993,52.22
28/12/1993,47.11
29/12/1993,68.44
30/12/1993,97.62
31/12/1993,73.40
01/01/1994,56.25
02/01/1994,47.36
03/01/1994,40.75
04/01/1994,74.73
05/01/1994,194.82
06/01/1994,136.44
07/01/1994,93.86
08/01/1994,130.64
09/01/1994,150.93
10/01/1994,219.80
11/01/1994,875.99
12/01/1994,565.69
13/01/1994,268.31
14/01/1994,220.91
15/01/1994,248.01
16/01/1994,327.31
17/01/1994,697.03
18/01/1994,581.95
19/01/1994,231.53
20/01/1994,121.79
21/01/1994,81.40
22/01/1994,94.00
23/01/1994,191.65
24/01/1994,231.29
25/01/1994,177.05
26/01/1994,225.32
27/01/1994,384.83
28/01/1994,538.51
29/01/1994,449.51
30/01/1994,292.41
31/01/1994,163.13
01/02/1994,100.59
02/02/1994,71.88
03/02/1994,55.68
04/02/1994,47.51
05/02/1994,40.41
06/02/1994,36.88
07/02/1994,35.66
08/02/1994,84.73
09/02/1994,392.70
10/02/1994,386.94
11/02/1994,271.43
12/02/1994,163.63
13/02/1994,104.46
14/02/1994,106.04
15/02/1994,126.57
16/02/1994,131.58
17/02/1994,105.88
18/02/1994,75.22
19/02/1994,58.12
20/02/1994,48.94
21/02/1994,52.62
22/02/1994,69.76
23/02/1994,69.06
24/02/1994,54.69
25/02/1994,46.72
26/02/1994,40.67
27/02/1994,35.49
28/02/1994,31.62
01/03/1994,29.87
02/03/1994,37.37
03/03/1994,69.56
04/03/1994,95.14
05/03/1994,69.88
06/03/1994,54.83
07/03/1994,46.78
08/03/1994,39.09
09/03/1994,33.01
10/03/1994,28.44
11/03/1994,25.79
12/03/1994,29.79
13/03/1994,37.29
14/03/1994,36.75
15/03/1994,37.29
16/03/1994,47.17
17/03/1994,107.10
18/03/1994,204.21
19/03/1994,120.85
20/03/1994,81.39
21/03/1994,70.30
22/03/1994,61.08
23/03/1994,50.38
24/03/1994,41.65
25/03/1994,34.75
26/03/1994,29.19
27/03/1994,26.19
28/03/1994,23.86
29/03/1994,21.86
30/03/1994,20.58
31/03/1994,19.23
01/04/1994,18.06
02/04/1994,16.92
03/04/1994,15.94
04/04/1994,15.17
05/04/1994,14.42
06/04/1994,13.82
07/04/1994,13.36
08/04/1994,12.99
09/04/1994,12.59
10/04/1994,14.21
11/04/1994,12.99
12/04/1994,12.77
13/04/1994,12.56
14/04/1994,12.25
15/04/1994,12.03
16/04/1994,11.75
17/04/1994,11.57
18/04/1994,11.38
19/04/1994,11.21
20/04/1994,10.93
21/04/1994,10.69
22/04/1994,10.48
23/04/1994,10.28
24/04/1994,10.04
25/04/1994,9.84
26/04/1994,9.66
27/04/1994,9.47
28/04/1994,12.05
29/04/1994,9.82
30/04/1994,9.40
01/05/1994,9.38
02/05/1994,10.45
03/05/1994,9.50
04/05/1994,9.36
05/05/1994,9.32
06/05/1994,9.28
07/05/1994,9.17
08/05/1994,8.99
09/05/1994,8.88
10/05/1994,10.21
11/05/1994,10.18
12/05/1994,11.19
13/05/1994,9.13
14/05/1994,8.79
15/05/1994,8.60
16/05/1994,8.43
17/05/1994,8.24
18/05/1994,13.08
19/05/1994,9.06
20/05/1994,14.34
21/05/1994,14.43
22/05/1994,17.35
23/05/1994,19.02
24/05/1994,19.12
25/05/1994,17.42
26/05/1994,15.52
27/05/1994,15.72
28/05/1994,15.57
29/05/1994,15.42
30/05/1994,14.99
31/05/1994,13.74
01/06/1994,16.25
02/06/1994,17.21
03/06/1994,17.00
04/06/1994,16.78
05/06/1994,16.84
06/06/1994,18.13
07/06/1994,21.44
08/06/1994,25.85
09/06/1994,29.37
10/06/1994,33.48
11/06/1994,33.24
12/06/1994,27.45
13/06/1994,22.30
14/06/1994,19.79
15/06/1994,17.58
16/06/1994,15.77
17/06/1994,19.38
18/06/1994,20.04
19/06/1994,18.84
20/06/1994,16.51
21/06/1994,14.37
22/06/1994,12.98
23/06/1994,11.82
24/06/1994,10.80
25/06/1994,9.68
26/06/1994,8.93
27/06/1994,8.46
28/06/1994,7.90
29/06/1994,7.56
30/06/1994,9.54
01/07/1994,8.05
02/07/1994,18.53
03/07/1994,16.24
04/07/1994,15.59
05/07/1994,21.86
06/07/1994,24.88
07/07/1994,24.06
08/07/1994,23.16
09/07/1994,21.67
10/07/1994,20.58
11/07/1994,19.23
12/07/1994,18.06
13/07/1994,20.10
14/07/1994,20.34
15/07/1994,26.84
16/07/1994,32.05
17/07/1994,42.25
18/07/1994,50.00
19/07/1994,36.96
20/07/1994,26.30
21/07/1994,21.32
22/07/1994,27.51
23/07/1994,34.85
24/07/1994,31.89
25/07/1994,29.15
26/07/1994,27.44
27/07/1994,26.11
28/07/1994,25.00
29/07/1994,25.00
30/07/1994,24.33
31/07/1994,23.34
01/08/1994,22.52
02/08/1994,21.44
03/08/1994,19.89
04/08/1994,18.95
05/08/1994,18.31
06/08/1994,17.05
07/08/1994,15.36
08/08/1994,24.00
09/08/1994,32.73
10/08/1994,30.12
11/08/1994,29.71
12/08/1994,44.09
13/08/1994,56.01
14/08/1994,67.42
15/08/1994,79.88
16/08/1994,72.78
17/08/1994,150.91
18/08/1994,252.17
19/08/1994,133.64
20/08/1994,99.49
21/08/1994,77.70
22/08/1994,63.70
23/08/1994,68.80
24/08/1994,108.29
25/08/1994,119.85
26/08/1994,80.21
27/08/1994,59.83
28/08/1994,45.00
29/08/1994,32.48
30/08/1994,25.57
31/08/1994,21.38
01/09/1994,19.18
02/09/1994,21.80
03/09/1994,24.22
04/09/1994,28.44
05/09/1994,35.73
06/09/1994,37.70
07/09/1994,42.65
08/09/1994,54.42
09/09/1994,72.52
10/09/1994,158.28
11/09/1994,244.15
12/09/1994,142.14
13/09/1994,93.61
14/09/1994,66.86
15/09/1994,52.38
16/09/1994,67.68
17/09/1994,120.34
18/09/1994,118.52
19/09/1994,82.37
20/09/1994,66.64
21/09/1994,400.75
22/09/1994,438.91
23/09/1994,188.48
24/09/1994,112.92
25/09/1994,88.14
26/09/1994,67.09
27/09/1994,54.14
28/09/1994,48.33
29/09/1994,47.76
30/09/1994,44.79
01/10/1994,57.93
02/10/1994,127.95
03/10/1994,211.35
04/10/1994,155.63
05/10/1994,104.08
06/10/1994,292.22
07/10/1994,654.70
08/10/1994,324.81
09/10/1994,192.83
10/10/1994,144.35
11/10/1994,101.94
12/10/1994,71.47
13/10/1994,58.57
14/10/1994,54.54
15/10/1994,66.93
16/10/1994,68.71
17/10/1994,53.73
18/10/1994,62.46
19/10/1994,66.45
20/10/1994,61.42
21/10/1994,53.93
22/10/1994,45.63
23/10/1994,39.29
24/10/1994,35.06
25/10/1994,31.67
26/10/1994,45.46
27/10/1994,122.17
28/10/1994,188.86
29/10/1994,158.08
30/10/1994,258.87
31/10/1994,253.40
01/11/1994,136.58
02/11/1994,87.25
03/11/1994,63.36
04/11/1994,50.62
05/11/1994,42.82
06/11/1994,37.55
07/11/1994,33.76
08/11/1994,53.72
09/11/1994,168.54
10/11/1994,1410.73
11/11/1994,952.66
12/11/1994,326.35
13/11/1994,246.70
14/11/1994,365.08
15/11/1994,313.69
16/11/1994,172.76
17/11/1994,111.40
18/11/1994,79.80
19/11/1994,60.23
20/11/1994,74.64
21/11/1994,111.49
22/11/1994,239.30
23/11/1994,372.18
24/11/1994,255.09
25/11/1994,258.81
26/11/1994,269.44
27/11/1994,264.84
28/11/1994,218.86
29/11/1994,143.86
30/11/1994,106.02
01/12/1994,133.77
02/12/1994,152.18
03/12/1994,210.35
04/12/1994,414.17
05/12/1994,251.35
06/12/1994,135.20
07/12/1994,93.84
08/12/1994,130.72
09/12/1994,332.87
10/12/1994,379.28
11/12/1994,240.55
12/12/1994,212.65
13/12/1994,246.02
14/12/1994,230.91
15/12/1994,246.44
16/12/1994,598.21
17/12/1994,809.45
18/12/1994,407.27
19/12/1994,457.90
20/12/1994,480.93
21/12/1994,511.49
22/12/1994,468.75
23/12/1994,421.46
24/12/1994,433.16
25/12/1994,812.83
26/12/1994,439.30
27/12/1994,299.69
28/12/1994,268.69
29/12/1994,202.28
30/12/1994,155.52
31/12/1994,135.15
01/01/1995,93.93
02/01/1995,78.18
03/01/1995,82.35
04/01/1995,90.83
05/01/1995,141.14
06/01/1995,199.48
07/01/1995,126.52
08/01/1995,143.57
09/01/1995,217.81
10/01/1995,229.42
11/01/1995,227.99
12/01/1995,582.98
13/01/1995,785.49
14/01/1995,741.03
15/01/1995,597.74
16/01/1995,245.70
17/01/1995,129.00
18/01/1995,85.32
19/01/1995,113.56
20/01/1995,163.57
21/01/1995,216.13
22/01/1995,486.35
23/01/1995,677.95
24/01/1995,525.15
25/01/1995,332.68
26/01/1995,222.78
27/01/1995,132.86
28/01/1995,147.78
29/01/1995,265.15
30/01/1995,272.47
31/01/1995,194.39
01/02/1995,118.50
02/02/1995,80.92
03/02/1995,61.92
04/02/1995,50.83
05/02/1995,44.08
06/02/1995,39.00
07/02/1995,35.12
08/02/1995,31.88
09/02/1995,29.11
10/02/1995,27.57
11/02/1995,34.22
12/02/1995,43.16
13/02/1995,95.12
14/02/1995,192.77
15/02/1995,122.31
16/02/1995,159.16
17/02/1995,306.40
18/02/1995,197.12
19/02/1995,145.16
20/02/1995,117.77
21/02/1995,84.44
22/02/1995,71.34
23/02/1995,65.24
24/02/1995,54.53
25/02/1995,46.90
26/02/1995,41.01
27/02/1995,37.15
28/02/1995,34.08
01/03/1995,31.83
02/03/1995,29.70
03/03/1995,33.23
04/03/1995,33.96
05/03/1995,39.82
06/03/1995,76.19
07/03/1995,149.94
08/03/1995,117.36
09/03/1995,80.83
10/03/1995,70.13
11/03/1995,61.07
12/03/1995,50.24
13/03/1995,40.40
14/03/1995,36.01
15/03/1995,33.62
16/03/1995,31.16
17/03/1995,29.04
18/03/1995,26.66
19/03/1995,24.22
20/03/1995,22.13
21/03/1995,23.92
22/03/1995,24.50
23/03/1995,27.03
24/03/1995,29.99
25/03/1995,31.33
26/03/1995,35.19
27/03/1995,41.26
28/03/1995,55.54
29/03/1995,62.39
30/03/1995,58.64
31/03/1995,53.33
01/04/1995,56.00
02/04/1995,67.41
03/04/1995,90.45
04/04/1995,102.33
05/04/1995,78.44
06/04/1995,86.69
07/04/1995,127.46
08/04/1995,152.16
09/04/1995,122.90
10/04/1995,85.30
11/04/1995,80.36
12/04/1995,97.43
13/04/1995,88.69
14/04/1995,96.04
15/04/1995,106.18
16/04/1995,99.57
17/04/1995,85.23
18/04/1995,64.97
19/04/1995,108.40
20/04/1995,173.57
21/04/1995,215.26
22/04/1995,217.31
23/04/1995,111.46
24/04/1995,69.05
25/04/1995,47.43
26/04/1995,37.10
27/04/1995,31.74
28/04/1995,32.89
29/04/1995,56.42
30/04/1995,160.40
01/05/1995,403.44
02/05/1995,287.23
03/05/1995,146.64
04/05/1995,81.84
05/05/1995,49.21
06/05/1995,33.84
07/05/1995,26.53
08/05/1995,23.15
09/05/1995,43.49
10/05/1995,213.40
11/05/1995,184.38
12/05/1995,116.82
13/05/1995,84.66
14/05/1995,63.45
15/05/1995,51.49
16/05/1995,41.42
17/05/1995,31.41
18/05/1995,25.27
19/05/1995,22.42
20/05/1995,20.34
21/05/1995,18.05
22/05/1995,16.60
23/05/1995,15.50
24/05/1995,14.50
25/05/1995,13.66
26/05/1995,13.13
27/05/1995,12.63
28/05/1995,12.18
29/05/1995,11.92
30/05/1995,11.72
31/05/1995,11.59
01/06/1995,23.04
02/06/1995,30.19
03/06/1995,41.49
04/06/1995,53.04
05/06/1995,61.86
06/06/1995,49.50
07/06/1995,35.19
08/06/1995,25.56
09/06/1995,20.68
10/06/1995,17.52
11/06/1995,15.50
12/06/1995,13.67
13/06/1995,13.02
14/06/1995,12.84
15/06/1995,22.04
16/06/1995,26.29
17/06/1995,25.63
18/06/1995,24.71
19/06/1995,25.74
20/06/1995,25.40
21/06/1995,22.30
22/06/1995,18.84
23/06/1995,16.18
24/06/1995,14.30
25/06/1995,12.96
26/06/1995,12.03
27/06/1995,11.42
28/06/1995,10.80
29/06/1995,10.25
30/06/1995,9.72
01/07/1995,9.35
02/07/1995,9.16
03/07/1995,9.13
04/07/1995,9.03
05/07/1995,8.82
06/07/1995,8.62
07/07/1995,8.45
08/07/1995,8.20
09/07/1995,18.53
10/07/1995,19.31
11/07/1995,21.38
12/07/1995,24.29
13/07/1995,45.09
14/07/1995,104.01
15/07/1995,142.82
16/07/1995,185.00
17/07/1995,123.30
18/07/1995,76.99
19/07/1995,55.64
20/07/1995,40.48
21/07/1995,42.58
22/07/1995,92.14
23/07/1995,164.62
24/07/1995,130.10
25/07/1995,93.06
26/07/1995,57.33
27/07/1995,36.28
28/07/1995,26.84
29/07/1995,22.03
30/07/1995,18.63
31/07/1995,16.65
01/08/1995,15.03
02/08/1995,13.18
03/08/1995,11.83
04/08/1995,10.66
05/08/1995,9.56
06/08/1995,8.82
07/08/1995,8.42
08/08/1995,8.16
09/08/1995,7.83
10/08/1995,7.44
11/08/1995,7.19
12/08/1995,15.73
13/08/1995,9.96
14/08/1995,10.94
15/08/1995,9.39
16/08/1995,13.72
17/08/1995,11.66
18/08/1995,11.20
19/08/1995,10.86
20/08/1995,10.70
21/08/1995,10.48
22/08/1995,9.96
23/08/1995,9.57
24/08/1995,12.39
25/08/1995,11.14
26/08/1995,10.40
27/08/1995,18.90
28/08/1995,52.53
29/08/1995,592.64
30/08/1995,258.31
31/08/1995,124.65
01/09/1995,70.70
02/09/1995,63.58
03/09/1995,58.86
04/09/1995,48.45
05/09/1995,61.64
06/09/1995,71.45
07/09/1995,55.15
08/09/1995,68.70
09/09/1995,78.05
10/09/1995,67.17
11/09/1995,60.29
12/09/1995,55.63
13/09/1995,51.93
14/09/1995,45.85
15/09/1995,39.61
16/09/1995,101.01
17/09/1995,476.92
18/09/1995,217.19
19/09/1995,140.82
20/09/1995,186.31
21/09/1995,199.30
22/09/1995,167.67
23/09/1995,242.97
24/09/1995,712.35
25/09/1995,750.61
26/09/1995,268.45
27/09/1995,138.98
28/09/1995,88.04
29/09/1995,63.04
30/09/1995,53.04
01/10/1995,46.43
02/10/1995,71.14
03/10/1995,177.17
04/10/1995,219.60
05/10/1995,136.09
06/10/1995,87.35
07/10/1995,59.63
08/10/1995,80.48
09/10/1995,201.78
10/10/1995,188.54
11/10/1995,106.11
12/10/1995,71.67
13/10/1995,51.34
14/10/1995,39.48
15/10/1995,31.95
16/10/1995,27.17
17/10/1995,24.29
18/10/1995,21.93
19/10/1995,20.24
20/10/1995,18.63
21/10/1995,17.20
22/10/1995,16.64
23/10/1995,16.42
24/10/1995,16.22
25/10/1995,16.04
26/10/1995,15.43
27/10/1995,14.54
28/10/1995,13.63
29/10/1995,13.06
30/10/1995,12.77
31/10/1995,12.72
01/11/1995,12.67
02/11/1995,17.06
03/11/1995,20.23
04/11/1995,23.92
05/11/1995,31.40
06/11/1995,35.43
07/11/1995,32.29
08/11/1995,29.37
09/11/1995,27.74
10/11/1995,26.25
11/11/1995,25.08
12/11/1995,24.12
13/11/1995,23.21
14/11/1995,25.56
15/11/1995,637.10
16/11/1995,481.32
17/11/1995,210.41
18/11/1995,162.38
19/11/1995,157.34
20/11/1995,108.69
21/11/1995,75.29
22/11/1995,85.45
23/11/1995,113.29
24/11/1995,106.70
25/11/1995,90.52
26/11/1995,116.39
27/11/1995,159.65
28/11/1995,133.61
29/11/1995,122.87
30/11/1995,123.62
01/12/1995,157.28
02/12/1995,194.94
03/12/1995,121.12
04/12/1995,79.78
05/12/1995,62.15
06/12/1995,50.91
07/12/1995,43.02
08/12/1995,37.65
09/12/1995,33.47
10/12/1995,29.14
11/12/1995,33.66
12/12/1995,40.13
13/12/1995,38.86
14/12/1995,34.94
15/12/1995,31.61
16/12/1995,30.93
17/12/1995,29.29
18/12/1995,27.73
19/12/1995,26.29
20/12/1995,25.13
21/12/1995,24.32
22/12/1995,39.57
23/12/1995,97.19
24/12/1995,138.77
25/12/1995,117.55
26/12/1995,81.04
27/12/1995,65.67
28/12/1995,68.49
29/12/1995,151.59
30/12/1995,575.83
31/12/1995,468.52
01/01/1996,231.35
02/01/1996,624.29
03/01/1996,374.10
04/01/1996,163.51
05/01/1996,199.85
06/01/1996,260.36
07/01/1996,196.37
08/01/1996,124.63
09/01/1996,115.83
10/01/1996,126.89
11/01/1996,111.32
12/01/1996,178.54
13/01/1996,269.19
14/01/1996,159.53
15/01/1996,105.69
16/01/1996,75.85
17/01/1996,63.29
18/01/1996,101.30
19/01/1996,548.02
20/01/1996,588.47
21/01/1996,445.62
22/01/1996,618.33
23/01/1996,439.49
24/01/1996,204.14
25/01/1996,112.57
26/01/1996,124.14
27/01/1996,123.12
28/01/1996,127.54
29/01/1996,119.58
30/01/1996,80.70
31/01/1996,59.93
01/02/1996,47.42
02/02/1996,39.15
03/02/1996,33.76
04/02/1996,29.23
05/02/1996,26.74
06/02/1996,25.06
07/02/1996,23.85
08/02/1996,23.03
09/02/1996,46.53
10/02/1996,216.88
11/02/1996,306.21
12/02/1996,262.04
13/02/1996,151.07
14/02/1996,146.59
15/02/1996,132.61
16/02/1996,87.11
17/02/1996,63.69
18/02/1996,51.13
19/02/1996,42.71
20/02/1996,36.34
21/02/1996,31.73
22/02/1996,45.55
23/02/1996,63.82
24/02/1996,139.96
25/02/1996,257.01
26/02/1996,136.85
27/02/1996,87.83
28/02/1996,72.72
29/02/1996,72.16
01/03/1996,63.02
02/03/1996,50.99
03/03/1996,40.91
04/03/1996,33.19
05/03/1996,27.69
06/03/1996,24.43
07/03/1996,22.03
08/03/1996,20.33
09/03/1996,19.31
10/03/1996,19.01
11/03/1996,18.68
12/03/1996,18.37
13/03/1996,18.12
14/03/1996,17.73
15/03/1996,17.00
16/03/1996,16.20
17/03/1996,15.61
18/03/1996,14.93
19/03/1996,14.19
20/03/1996,16.58
21/03/1996,15.99
22/03/1996,15.81
23/03/1996,15.72
24/03/1996,26.18
25/03/1996,65.99
26/03/1996,200.79
27/03/1996,419.55
28/03/1996,386.37
29/03/1996,385.41
30/03/1996,428.17
31/03/1996,356.84
01/04/1996,197.49
02/04/1996,148.40
03/04/1996,219.86
04/04/1996,232.72
05/04/1996,140.25
06/04/1996,93.28
07/04/1996,67.26
08/04/1996,50.06
09/04/1996,38.64
10/04/1996,37.28
11/04/1996,36.00
12/04/1996,32.73
13/04/1996,39.68
14/04/1996,52.37
15/04/1996,50.69
16/04/1996,42.34
17/04/1996,36.74
18/04/1996,33.35
19/04/1996,29.11
20/04/1996,25.32
21/04/1996,22.13
22/04/1996,20.04
23/04/1996,18.30
24/04/1996,16.97
25/04/1996,15.80
26/04/1996,15.25
27/04/1996,14.82
28/04/1996,14.10
29/04/1996,13.59
30/04/1996,13.45
01/05/1996,13.39
02/05/1996,13.37
03/05/1996,14.58
04/05/1996,14.04
05/05/1996,13.92
06/05/1996,13.78
07/05/1996,13.62
08/05/1996,13.45
09/05/1996,13.23
10/05/1996,16.28
11/05/1996,21.56
12/05/1996,46.10
13/05/1996,99.18
14/05/1996,70.82
15/05/1996,55.14
16/05/1996,100.80
17/05/1996,180.03
18/05/1996,131.75
19/05/1996,115.45
20/05/1996,100.79
21/05/1996,77.46
22/05/1996,59.29
23/05/1996,47.35
24/05/1996,36.21
25/05/1996,29.04
26/05/1996,25.51
27/05/1996,23.99
28/05/1996,24.99
29/05/1996,27.39
30/05/1996,27.56
31/05/1996,26.69
01/06/1996,31.56
02/06/1996,34.03
03/06/1996,30.73
04/06/1996,26.89
05/06/1996,24.12
06/06/1996,21.43
07/06/1996,19.06
08/06/1996,16.95
09/06/1996,15.89
10/06/1996,15.60
11/06/1996,18.63
12/06/1996,18.62
13/06/1996,18.30
14/06/1996,18.01
15/06/1996,17.81
16/06/1996,38.08
17/06/1996,123.60
18/06/1996,84.10
19/06/1996,62.38
20/06/1996,50.37
21/06/1996,42.24
22/06/1996,36.96
23/06/1996,31.24
24/06/1996,25.85
25/06/1996,22.47
26/06/1996,20.47
27/06/1996,18.22
28/06/1996,16.45
29/06/1996,14.95
30/06/1996,14.16
01/07/1996,13.11
02/07/1996,11.74
03/07/1996,10.60
04/07/1996,9.87
05/07/1996,9.26
06/07/1996,8.87
07/07/1996,8.57
08/07/1996,8.21
09/07/1996,20.23
10/07/1996,12.96
11/07/1996,11.27
12/07/1996,11.73
13/07/1996,11.02
14/07/1996,10.53
15/07/1996,10.36
16/07/1996,10.20
17/07/1996,9.74
18/07/1996,10.16
19/07/1996,9.50
20/07/1996,13.45
21/07/1996,11.51
22/07/1996,10.66
23/07/1996,10.07
24/07/1996,9.34
25/07/1996,8.63
26/07/1996,8.08
27/07/1996,7.53
28/07/1996,7.15
29/07/1996,7.04
30/07/1996,7.39
31/07/1996,7.08
01/08/1996,7.02
02/08/1996,7.53
03/08/1996,7.12
04/08/1996,6.91
05/08/1996,6.76
06/08/1996,6.51
07/08/1996,6.35
08/08/1996,6.23
09/08/1996,6.13
10/08/1996,6.03
11/08/1996,5.95
12/08/1996,14.29
13/08/1996,8.11
14/08/1996,5.89
15/08/1996,5.78
16/08/1996,5.72
17/08/1996,5.64
18/08/1996,5.55
19/08/1996,5.51
20/08/1996,5.45
21/08/1996,5.37
22/08/1996,5.29
23/08/1996,5.10
24/08/1996,4.93
25/08/1996,4.84
26/08/1996,4.73
27/08/1996,4.66
28/08/1996,4.60
29/08/1996,4.55
30/08/1996,4.52
31/08/1996,4.49
01/09/1996,4.47
02/09/1996,4.46
03/09/1996,4.44
04/09/1996,4.43
05/09/1996,4.40
06/09/1996,4.39
07/09/1996,19.11
08/09/1996,818.33
09/09/1996,654.15
10/09/1996,252.23
11/09/1996,130.08
12/09/1996,109.84
13/09/1996,217.12
14/09/1996,276.11
15/09/1996,146.97
16/09/1996,90.81
17/09/1996,58.11
18/09/1996,40.22
19/09/1996,29.98
20/09/1996,25.74
21/09/1996,103.55
22/09/1996,350.13
23/09/1996,157.95
24/09/1996,88.78
25/09/1996,54.33
26/09/1996,42.47
27/09/1996,48.33
28/09/1996,76.88
29/09/1996,101.69
30/09/1996,79.76
01/10/1996,59.82
02/10/1996,48.53
03/10/1996,55.89
04/10/1996,60.81
05/10/1996,211.29
06/10/1996,1016.68
07/10/1996,385.79
08/10/1996,164.87
09/10/1996,98.65
10/10/1996,94.80
11/10/1996,163.94
12/10/1996,221.35
13/10/1996,125.98
14/10/1996,154.95
15/10/1996,405.35
16/10/1996,250.73
17/10/1996,131.08
18/10/1996,83.94
19/10/1996,61.62
20/10/1996,57.06
21/10/1996,54.68
22/10/1996,62.66
23/10/1996,115.64
24/10/1996,141.76
25/10/1996,148.94
26/10/1996,142.62
27/10/1996,114.56
28/10/1996,94.98
29/10/1996,92.63
30/10/1996,87.97
31/10/1996,68.43
01/11/1996,73.81
02/11/1996,75.78
03/11/1996,81.73
04/11/1996,93.50
05/11/1996,143.98
06/11/1996,190.41
07/11/1996,113.53
08/11/1996,76.38
09/11/1996,57.56
10/11/1996,46.62
11/11/1996,39.07
12/11/1996,34.53
13/11/1996,31.03
14/11/1996,28.60
15/11/1996,34.74
16/11/1996,37.89
17/11/1996,43.92
18/11/1996,46.18
19/11/1996,39.76
20/11/1996,35.26
21/11/1996,31.73
22/11/1996,28.98
23/11/1996,27.26
24/11/1996,26.68
25/11/1996,27.80
26/11/1996,39.74
27/11/1996,124.60
28/11/1996,837.42
29/11/1996,709.29
30/11/1996,253.34
01/12/1996,130.37
02/12/1996,83.60
03/12/1996,70.51
04/12/1996,63.68
05/12/1996,58.93
06/12/1996,52.01
07/12/1996,44.43
08/12/1996,38.49
09/12/1996,35.19
10/12/1996,32.57
11/12/1996,48.93
12/12/1996,77.40
13/12/1996,70.95
14/12/1996,64.32
15/12/1996,53.92
16/12/1996,45.45
17/12/1996,39.00
18/12/1996,34.66
19/12/1996,31.33
20/12/1996,40.09
21/12/1996,46.89
22/12/1996,40.47
23/12/1996,35.80
24/12/1996,33.96
25/12/1996,32.47
26/12/1996,33.01
27/12/1996,38.58
28/12/1996,60.16
29/12/1996,94.96
30/12/1996,87.10
31/12/1996,71.66
01/01/1997,58.63
02/01/1997,48.06
03/01/1997,44.99
04/01/1997,49.92
05/01/1997,50.53
06/01/1997,49.02
07/01/1997,44.79
08/01/1997,39.29
09/01/1997,68.90
10/01/1997,146.86
11/01/1997,106.15
12/01/1997,73.80
13/01/1997,63.01
14/01/1997,79.04
15/01/1997,145.62
16/01/1997,146.78
17/01/1997,92.75
18/01/1997,66.77
19/01/1997,54.20
20/01/1997,55.47
21/01/1997,55.31
22/01/1997,48.04
23/01/1997,40.74
24/01/1997,36.00
25/01/1997,32.33
26/01/1997,30.92
27/01/1997,29.70
28/01/1997,28.22
29/01/1997,34.02
30/01/1997,36.87
31/01/1997,33.35
01/02/1997,37.41
02/02/1997,45.08
03/02/1997,62.32
04/02/1997,75.94
05/02/1997,62.37
06/02/1997,75.28
07/02/1997,89.69
08/02/1997,67.62
09/02/1997,69.55
10/02/1997,109.13
11/02/1997,133.15
12/02/1997,91.79
13/02/1997,65.65
14/02/1997,72.84
15/02/1997,74.35
16/02/1997,56.58
17/02/1997,46.89
18/02/1997,48.70
19/02/1997,66.43
20/02/1997,69.74
21/02/1997,61.41
22/02/1997,59.39
23/02/1997,71.23
24/02/1997,73.40
25/02/1997,57.21
26/02/1997,47.27
27/02/1997,40.13
28/02/1997,35.66
01/03/1997,32.05
02/03/1997,54.32
03/03/1997,135.13
04/03/1997,146.49
05/03/1997,107.78
06/03/1997,74.58
07/03/1997,54.19
08/03/1997,43.69
09/03/1997,48.32
10/03/1997,54.00
11/03/1997,56.90
12/03/1997,60.80
13/03/1997,53.24
14/03/1997,63.28
15/03/1997,107.40
16/03/1997,153.74
17/03/1997,120.63
18/03/1997,80.81
19/03/1997,87.06
20/03/1997,119.25
21/03/1997,103.18
22/03/1997,72.25
23/03/1997,53.16
24/03/1997,43.09
25/03/1997,37.54
26/03/1997,41.07
27/03/1997,44.24
28/03/1997,39.56
29/03/1997,35.12
30/03/1997,36.95
31/03/1997,82.33
01/04/1997,204.01
02/04/1997,660.98
03/04/1997,380.43
04/04/1997,166.74
05/04/1997,112.35
06/04/1997,148.05
07/04/1997,152.63
08/04/1997,96.42
09/04/1997,76.18
10/04/1997,63.81
11/04/1997,51.26
12/04/1997,71.19
13/04/1997,140.41
14/04/1997,125.92
15/04/1997,101.51
16/04/1997,103.94
17/04/1997,86.79
18/04/1997,60.91
19/04/1997,43.91
20/04/1997,35.05
21/04/1997,64.89
22/04/1997,230.79
23/04/1997,252.72
24/04/1997,157.22
25/04/1997,175.62
26/04/1997,211.03
27/04/1997,200.97
28/04/1997,148.37
29/04/1997,205.44
30/04/1997,270.18
01/05/1997,157.06
02/05/1997,190.85
03/05/1997,235.08
04/05/1997,138.28
05/05/1997,160.77
06/05/1997,608.97
07/05/1997,518.24
08/05/1997,214.51
09/05/1997,112.10
10/05/1997,75.84
11/05/1997,118.26
12/05/1997,232.84
13/05/1997,143.19
14/05/1997,89.15
15/05/1997,55.72
16/05/1997,38.93
17/05/1997,28.56
18/05/1997,22.96
19/05/1997,19.17
20/05/1997,16.37
21/05/1997,14.10
22/05/1997,12.26
23/05/1997,10.67
24/05/1997,9.01
25/05/1997,7.75
26/05/1997,6.74
27/05/1997,6.09
28/05/1997,5.73
29/05/1997,5.56
30/05/1997,5.46
31/05/1997,5.34
01/06/1997,5.23
02/06/1997,5.01
03/06/1997,4.90
04/06/1997,4.86
05/06/1997,4.81
06/06/1997,9.32
07/06/1997,18.05
08/06/1997,19.78
09/06/1997,15.84
10/06/1997,15.40
11/06/1997,15.26
12/06/1997,15.05
13/06/1997,23.49
14/06/1997,29.79
15/06/1997,25.19
16/06/1997,20.39
17/06/1997,16.93
18/06/1997,14.50
19/06/1997,12.50
20/06/1997,10.95
21/06/1997,9.19
22/06/1997,7.86
23/06/1997,6.63
24/06/1997,20.81
25/06/1997,19.45
26/06/1997,19.01
27/06/1997,17.81
28/06/1997,16.94
29/06/1997,17.65
30/06/1997,17.47
01/07/1997,16.30
02/07/1997,15.36
03/07/1997,13.86
04/07/1997,11.77
05/07/1997,9.57
06/07/1997,7.96
07/07/1997,6.47
08/07/1997,6.02
09/07/1997,5.65
10/07/1997,5.35
11/07/1997,4.95
12/07/1997,4.76
13/07/1997,4.62
14/07/1997,4.54
15/07/1997,19.11
16/07/1997,10.19
17/07/1997,17.61
18/07/1997,15.90
19/07/1997,25.26
20/07/1997,35.87
21/07/1997,32.80
22/07/1997,41.41
23/07/1997,75.76
24/07/1997,143.11
25/07/1997,156.01
26/07/1997,108.28
27/07/1997,73.79
28/07/1997,49.61
29/07/1997,34.52
30/07/1997,25.32
31/07/1997,20.74
01/08/1997,18.95
02/08/1997,19.31
03/08/1997,23.69
04/08/1997,328.84
05/08/1997,394.61
06/08/1997,167.92
07/08/1997,97.69
08/08/1997,60.94
09/08/1997,40.03
10/08/1997,28.37
11/08/1997,22.41
12/08/1997,18.62
13/08/1997,15.86
14/08/1997,13.50
15/08/1997,11.84
16/08/1997,10.34
17/08/1997,8.96
18/08/1997,7.94
19/08/1997,7.10
20/08/1997,6.57
21/08/1997,6.10
22/08/1997,5.80
23/08/1997,5.62
24/08/1997,12.54
25/08/1997,83.19
26/08/1997,531.52
27/08/1997,223.21
28/08/1997,113.96
29/08/1997,66.19
30/08/1997,47.79
31/08/1997,40.33
01/09/1997,61.30
02/09/1997,90.42
03/09/1997,75.20
04/09/1997,103.79
05/09/1997,243.16
06/09/1997,272.11
07/09/1997,181.77
08/09/1997,121.03
09/09/1997,100.24
10/09/1997,190.16
11/09/1997,328.26
12/09/1997,157.74
13/09/1997,97.25
14/09/1997,68.47
15/09/1997,51.92
16/09/1997,39.73
17/09/1997,30.73
18/09/1997,25.45
19/09/1997,21.79
20/09/1997,19.30
21/09/1997,17.17
22/09/1997,15.60
23/09/1997,14.13
24/09/1997,12.95
25/09/1997,12.15
26/09/1997,16.08
27/09/1997,21.48
28/09/1997,46.15
29/09/1997,157.79
30/09/1997,342.84
01/10/1997,380.62
02/10/1997,177.43
03/10/1997,122.14
04/10/1997,120.74
05/10/1997,139.90
06/10/1997,207.31
07/10/1997,270.12
08/10/1997,176.93
09/10/1997,102.43
10/10/1997,71.13
11/10/1997,94.74
12/10/1997,137.99
13/10/1997,98.17
14/10/1997,69.39
15/10/1997,50.82
16/10/1997,38.32
17/10/1997,30.45
18/10/1997,26.03
19/10/1997,25.51
20/10/1997,27.38
21/10/1997,27.16
22/10/1997,27.44
23/10/1997,28.31
24/10/1997,27.50
25/10/1997,26.14
26/10/1997,25.79
27/10/1997,29.69
28/10/1997,38.85
29/10/1997,52.52
30/10/1997,236.57
31/10/1997,454.69
01/11/1997,257.82
02/11/1997,156.20
03/11/1997,213.08
04/11/1997,223.58
05/11/1997,236.88
06/11/1997,377.55
07/11/1997,570.24
08/11/1997,942.06
09/11/1997,653.35
10/11/1997,485.09
11/11/1997,766.56
12/11/1997,556.03
13/11/1997,411.49
14/11/1997,759.25
15/11/1997,530.97
16/11/1997,422.61
17/11/1997,581.00
18/11/1997,343.99
19/11/1997,395.57
20/11/1997,432.97
21/11/1997,241.67
22/11/1997,235.70
23/11/1997,488.00
24/11/1997,285.89
25/11/1997,143.71
26/11/1997,90.27
27/11/1997,63.80
28/11/1997,48.06
29/11/1997,37.53
30/11/1997,30.81
01/12/1997,27.11
02/12/1997,24.99
03/12/1997,23.11
04/12/1997,21.38
05/12/1997,19.78
06/12/1997,18.44
07/12/1997,17.73
08/12/1997,17.41
09/12/1997,17.16
10/12/1997,21.02
11/12/1997,25.05
12/12/1997,25.63
13/12/1997,24.58
14/12/1997,23.55
15/12/1997,22.58
16/12/1997,21.79
17/12/1997,21.31
18/12/1997,20.74
19/12/1997,20.23
20/12/1997,19.57
21/12/1997,18.90
22/12/1997,21.85
23/12/1997,45.62
24/12/1997,101.10
25/12/1997,72.50
26/12/1997,58.30
27/12/1997,54.36
28/12/1997,51.48
29/12/1997,54.76
30/12/1997,66.63
31/12/1997,81.54
01/01/1998,101.87
02/01/1998,255.52
03/01/1998,283.39
04/01/1998,238.99
05/01/1998,168.98
06/01/1998,113.02
07/01/1998,86.37
08/01/1998,111.10
09/01/1998,209.92
10/01/1998,202.46
11/01/1998,222.66
12/01/1998,196.18
13/01/1998,113.24
14/01/1998,76.31
15/01/1998,57.55
16/01/1998,47.50
17/01/1998,40.39
18/01/1998,35.87
19/01/1998,32.28
20/01/1998,28.90
21/01/1998,26.83
22/01/1998,34.13
23/01/1998,51.86
24/01/1998,76.10
25/01/1998,75.99
26/01/1998,57.92
27/01/1998,90.93
28/01/1998,552.26
29/01/1998,569.15
30/01/1998,290.68
31/01/1998,168.85
01/02/1998,226.75
02/02/1998,250.55
03/02/1998,150.34
04/02/1998,113.13
05/02/1998,131.67
06/02/1998,158.33
07/02/1998,119.42
08/02/1998,78.93
09/02/1998,59.27
10/02/1998,48.44
11/02/1998,44.17
12/02/1998,42.57
13/02/1998,46.67
14/02/1998,45.61
15/02/1998,39.41
16/02/1998,38.48
17/02/1998,37.14
18/02/1998,33.75
19/02/1998,30.55
20/02/1998,28.31
21/02/1998,26.79
22/02/1998,40.77
23/02/1998,59.17
24/02/1998,74.83
25/02/1998,145.86
26/02/1998,147.05
27/02/1998,93.26
28/02/1998,66.42
01/03/1998,52.26
02/03/1998,44.16
03/03/1998,38.21
04/03/1998,34.21
05/03/1998,30.97
06/03/1998,28.60
07/03/1998,33.19
08/03/1998,34.85
09/03/1998,31.67
10/03/1998,29.03
11/03/1998,28.03
12/03/1998,28.08
13/03/1998,34.13
14/03/1998,94.73
15/03/1998,507.48
16/03/1998,262.48
17/03/1998,136.56
18/03/1998,87.04
19/03/1998,201.22
20/03/1998,405.16
21/03/1998,180.35
22/03/1998,117.23
23/03/1998,118.47
24/03/1998,194.26
25/03/1998,252.35
26/03/1998,267.14
27/03/1998,426.25
28/03/1998,573.38
29/03/1998,516.75
30/03/1998,366.62
31/03/1998,183.70
01/04/1998,104.39
02/04/1998,72.49
03/04/1998,52.21
04/04/1998,38.57
05/04/1998,29.68
06/04/1998,25.18
07/04/1998,21.93
08/04/1998,20.47
09/04/1998,19.78
10/04/1998,19.30
11/04/1998,19.00
12/04/1998,20.65
13/04/1998,24.71
14/04/1998,25.96
15/04/1998,24.95
16/04/1998,23.61
17/04/1998,21.47
18/04/1998,19.38
19/04/1998,17.50
20/04/1998,16.06
21/04/1998,14.77
22/04/1998,13.54
23/04/1998,12.91
24/04/1998,12.64
25/04/1998,12.50
26/04/1998,12.46
27/04/1998,22.82
28/04/1998,30.55
29/04/1998,28.70
30/04/1998,26.47
01/05/1998,23.11
02/05/1998,19.88
03/05/1998,22.34
04/05/1998,35.34
05/05/1998,50.76
06/05/1998,45.22
07/05/1998,35.18
08/05/1998,26.94
09/05/1998,22.17
10/05/1998,20.10
11/05/1998,22.95
12/05/1998,29.36
13/05/1998,44.93
14/05/1998,68.31
15/05/1998,89.03
16/05/1998,77.56
17/05/1998,53.03
18/05/1998,36.66
19/05/1998,27.10
20/05/1998,22.72
21/05/1998,21.02
22/05/1998,42.34
23/05/1998,125.35
24/05/1998,90.25
25/05/1998,54.41
26/05/1998,35.00
27/05/1998,25.62
28/05/1998,20.57
29/05/1998,16.95
30/05/1998,14.49
31/05/1998,12.69
01/06/1998,11.41
02/06/1998,10.00
03/06/1998,8.93
04/06/1998,10.32
05/06/1998,8.98
06/06/1998,8.56
07/06/1998,8.01
08/06/1998,7.65
09/06/1998,7.51
10/06/1998,7.29
11/06/1998,6.94
12/06/1998,6.65
13/06/1998,6.37
14/06/1998,6.27
15/06/1998,6.18
16/06/1998,6.08
17/06/1998,5.99
18/06/1998,5.87
19/06/1998,5.81
20/06/1998,5.77
21/06/1998,13.73
22/06/1998,12.92
23/06/1998,16.47
24/06/1998,14.31
25/06/1998,12.39
26/06/1998,11.75
27/06/1998,11.33
28/06/1998,10.34
29/06/1998,10.27
30/06/1998,9.81
01/07/1998,10.87
02/07/1998,14.15
03/07/1998,749.75
04/07/1998,631.21
05/07/1998,242.10
06/07/1998,123.74
07/07/1998,72.10
08/07/1998,46.02
09/07/1998,31.10
10/07/1998,23.76
11/07/1998,19.56
12/07/1998,16.66
13/07/1998,14.45
14/07/1998,12.78
15/07/1998,11.63
16/07/1998,10.44
17/07/1998,13.71
18/07/1998,12.18
19/07/1998,12.13
20/07/1998,12.04
21/07/1998,11.95
22/07/1998,16.90
23/07/1998,16.52
24/07/1998,16.26
25/07/1998,17.25
26/07/1998,17.06
27/07/1998,19.17
28/07/1998,18.94
29/07/1998,16.99
30/07/1998,15.40
31/07/1998,14.75
01/08/1998,14.52
02/08/1998,20.74
03/08/1998,37.77
04/08/1998,125.32
05/08/1998,191.78
06/08/1998,125.57
07/08/1998,87.08
08/08/1998,63.26
09/08/1998,48.05
10/08/1998,36.13
11/08/1998,27.98
12/08/1998,40.12
13/08/1998,58.85
14/08/1998,49.01
15/08/1998,55.88
16/08/1998,60.15
17/08/1998,49.33
18/08/1998,38.99
19/08/1998,30.92
20/08/1998,26.07
21/08/1998,30.18
22/08/1998,34.07
23/08/1998,29.98
24/08/1998,25.84
25/08/1998,22.12
26/08/1998,19.64
27/08/1998,17.91
28/08/1998,20.98
29/08/1998,23.55
30/08/1998,43.37
31/08/1998,83.24
01/09/1998,63.18
02/09/1998,58.62
03/09/1998,59.04
04/09/1998,51.63
05/09/1998,43.48
06/09/1998,37.80
07/09/1998,33.91
08/09/1998,55.99
09/09/1998,128.25
10/09/1998,145.68
11/09/1998,135.69
12/09/1998,162.32
13/09/1998,203.83
14/09/1998,466.86
15/09/1998,350.89
16/09/1998,211.66
17/09/1998,141.25
18/09/1998,105.04
19/09/1998,78.36
20/09/1998,58.29
21/09/1998,46.15
22/09/1998,36.28
23/09/1998,44.78
24/09/1998,81.38
25/09/1998,179.04
26/09/1998,329.42
27/09/1998,242.41
28/09/1998,233.77
29/09/1998,472.05
30/09/1998,294.13
01/10/1998,153.02
02/10/1998,114.67
03/10/1998,110.57
04/10/1998,143.68
05/10/1998,172.70
06/10/1998,123.71
07/10/1998,80.46
08/10/1998,94.05
09/10/1998,173.32
10/10/1998,154.18
11/10/1998,127.43
12/10/1998,100.14
13/10/1998,70.50
14/10/1998,95.25
15/10/1998,184.51
16/10/1998,216.44
17/10/1998,142.33
18/10/1998,90.23
19/10/1998,64.96
20/10/1998,51.30
21/10/1998,52.79
22/10/1998,51.43
23/10/1998,43.57
24/10/1998,41.25
25/10/1998,64.12
26/10/1998,87.33
27/10/1998,64.31
28/10/1998,47.94
29/10/1998,37.98
30/10/1998,31.95
31/10/1998,27.32
01/11/1998,36.41
02/11/1998,103.68
03/11/1998,235.27
04/11/1998,165.99
05/11/1998,110.40
06/11/1998,75.75
07/11/1998,57.19
08/11/1998,47.34
09/11/1998,43.91
10/11/1998,88.94
11/11/1998,156.55
12/11/1998,361.44
13/11/1998,975.76
14/11/1998,1348.67
15/11/1998,912.44
16/11/1998,568.44
17/11/1998,360.48
18/11/1998,241.85
19/11/1998,233.96
20/11/1998,264.22
21/11/1998,301.99
22/11/1998,240.73
23/11/1998,163.69
24/11/1998,145.33
25/11/1998,137.60
26/11/1998,106.24
27/11/1998,76.48
28/11/1998,57.90
29/11/1998,74.24
30/11/1998,87.23
01/12/1998,64.52
02/12/1998,51.25
03/12/1998,45.73
04/12/1998,41.75
05/12/1998,37.47
06/12/1998,33.74
07/12/1998,77.71
08/12/1998,240.67
09/12/1998,145.38
10/12/1998,95.53
11/12/1998,71.32
12/12/1998,71.31
13/12/1998,82.28
14/12/1998,96.02
15/12/1998,94.71
16/12/1998,72.89
17/12/1998,69.54
18/12/1998,63.66
19/12/1998,51.12
20/12/1998,43.16
21/12/1998,37.76
22/12/1998,42.07
23/12/1998,43.31
24/12/1998,38.08
25/12/1998,35.25
26/12/1998,32.46
27/12/1998,31.66
28/12/1998,29.97
29/12/1998,28.11
30/12/1998,26.68
31/12/1998,25.51
01/01/1999,25.40
02/01/1999,25.13
03/01/1999,25.05
04/01/1999,26.37
05/01/1999,46.98
06/01/1999,142.70
07/01/1999,193.45
08/01/1999,164.75
09/01/1999,214.21
10/01/1999,370.45
11/01/1999,246.38
12/01/1999,129.43
13/01/1999,83.70
14/01/1999,84.82
15/01/1999,141.93
16/01/1999,258.19
17/01/1999,237.69
18/01/1999,136.39
19/01/1999,88.43
20/01/1999,64.43
21/01/1999,51.29
22/01/1999,43.36
23/01/1999,39.07
24/01/1999,48.86
25/01/1999,74.63
26/01/1999,93.54
27/01/1999,78.51
28/01/1999,81.92
29/01/1999,79.02
30/01/1999,106.57
31/01/1999,149.21
01/02/1999,102.69
02/02/1999,100.43
03/02/1999,93.04
04/02/1999,67.32
05/02/1999,52.86
06/02/1999,44.70
07/02/1999,38.15
08/02/1999,33.08
09/02/1999,28.69
10/02/1999,26.07
11/02/1999,23.85
12/02/1999,21.85
13/02/1999,20.53
14/02/1999,19.56
15/02/1999,19.00
16/02/1999,18.12
17/02/1999,17.35
18/02/1999,16.72
19/02/1999,16.08
20/02/1999,15.50
21/02/1999,17.34
22/02/1999,17.27
23/02/1999,17.05
24/02/1999,16.88
25/02/1999,20.92
26/02/1999,46.48
27/02/1999,154.93
28/02/1999,123.68
01/03/1999,157.31
02/03/1999,847.86
03/03/1999,639.06
04/03/1999,1034.44
05/03/1999,1115.90
06/03/1999,546.28
07/03/1999,271.05
08/03/1999,376.02
09/03/1999,516.83
10/03/1999,311.20
11/03/1999,556.19
12/03/1999,532.85
13/03/1999,234.77
14/03/1999,220.97
15/03/1999,224.39
16/03/1999,144.13
17/03/1999,106.68
18/03/1999,81.03
19/03/1999,61.15
20/03/1999,84.65
21/03/1999,106.55
22/03/1999,94.18
23/03/1999,77.85
24/03/1999,114.37
25/03/1999,149.70
26/03/1999,95.44
27/03/1999,69.52
28/03/1999,118.71
29/03/1999,252.10
30/03/1999,157.04
31/03/1999,105.84
01/04/1999,82.85
02/04/1999,103.43
03/04/1999,193.89
04/04/1999,205.70
05/04/1999,124.76
06/04/1999,82.67
07/04/1999,63.17
08/04/1999,51.58
09/04/1999,61.28
10/04/1999,96.63
11/04/1999,94.79
12/04/1999,68.88
13/04/1999,53.32
14/04/1999,94.48
15/04/1999,155.58
16/04/1999,98.97
17/04/1999,65.23
18/04/1999,46.52
19/04/1999,36.12
20/04/1999,35.43
21/04/1999,37.46
22/04/1999,69.73
23/04/1999,184.19
24/04/1999,148.48
25/04/1999,97.41
26/04/1999,69.52
27/04/1999,54.19
28/04/1999,45.91
29/04/1999,45.84
30/04/1999,45.07
01/05/1999,41.74
02/05/1999,39.06
03/05/1999,35.72
04/05/1999,35.34
05/05/1999,37.97
06/05/1999,45.72
07/05/1999,46.43
08/05/1999,51.68
09/05/1999,52.98
10/05/1999,53.85
11/05/1999,52.01
12/05/1999,41.73
13/05/1999,31.82
14/05/1999,27.38
15/05/1999,24.58
16/05/1999,45.61
17/05/1999,190.65
18/05/1999,153.91
19/05/1999,97.38
20/05/1999,85.21
21/05/1999,72.71
22/05/1999,54.07
23/05/1999,51.62
24/05/1999,50.98
25/05/1999,52.97
26/05/1999,50.81
27/05/1999,52.47
28/05/1999,82.71
29/05/1999,104.06
30/05/1999,83.07
31/05/1999,65.16
01/06/1999,48.04
02/06/1999,35.56
03/06/1999,27.31
04/06/1999,24.62
05/06/1999,23.74
06/06/1999,26.83
07/06/1999,70.80
08/06/1999,247.94
09/06/1999,139.66
10/06/1999,79.52
11/06/1999,50.52
12/06/1999,57.42
13/06/1999,84.42
14/06/1999,103.77
15/06/1999,96.88
16/06/1999,63.66
17/06/1999,42.17
18/06/1999,30.06
19/06/1999,23.99
20/06/1999,20.46
21/06/1999,19.06
22/06/1999,20.39
23/06/1999,22.66
24/06/1999,24.57
25/06/1999,25.32
26/06/1999,24.82
27/06/1999,24.05
28/06/1999,27.89
29/06/1999,29.43
30/06/1999,28.02
01/07/1999,26.65
02/07/1999,23.84
03/07/1999,20.84
04/07/1999,18.43
05/07/1999,16.98
06/07/1999,16.10
07/07/1999,15.71
08/07/1999,18.43
09/07/1999,18.29
10/07/1999,17.53
11/07/1999,16.46
12/07/1999,15.83
13/07/1999,15.70
14/07/1999,15.62
15/07/1999,19.97
16/07/1999,22.58
17/07/1999,22.81
18/07/1999,22.17
19/07/1999,21.63
20/07/1999,24.57
21/07/1999,25.84
22/07/1999,25.12
23/07/1999,24.29
24/07/1999,23.33
25/07/1999,32.42
26/07/1999,49.00
27/07/1999,69.64
28/07/1999,119.15
29/07/1999,156.72
30/07/1999,161.33
31/07/1999,158.55
01/08/1999,133.50
02/08/1999,90.38
03/08/1999,65.52
04/08/1999,50.75
05/08/1999,42.23
06/08/1999,35.11
07/08/1999,32.57
08/08/1999,30.91
09/08/1999,30.26
10/08/1999,29.03
11/08/1999,27.73
12/08/1999,39.68
13/08/1999,102.31
14/08/1999,247.07
15/08/1999,265.40
16/08/1999,255.71
17/08/1999,324.62
18/08/1999,223.83
19/08/1999,118.66
20/08/1999,78.72
21/08/1999,71.65
22/08/1999,68.64
23/08/1999,56.41
24/08/1999,47.49
25/08/1999,39.81
26/08/1999,33.23
27/08/1999,27.56
28/08/1999,24.16
29/08/1999,21.19
30/08/1999,18.84
31/08/1999,23.03
01/09/1999,30.25
02/09/1999,38.93
03/09/1999,39.36
04/09/1999,35.11
05/09/1999,29.36
06/09/1999,26.59
07/09/1999,25.18
08/09/1999,24.16
09/09/1999,22.52
10/09/1999,26.03
11/09/1999,27.56
12/09/1999,28.17
13/09/1999,36.86
14/09/1999,41.48
15/09/1999,37.23
16/09/1999,33.66
17/09/1999,34.57
18/09/1999,33.74
19/09/1999,52.74
20/09/1999,113.43
21/09/1999,142.16
22/09/1999,142.46
23/09/1999,104.73
24/09/1999,137.31
25/09/1999,167.23
26/09/1999,143.51
27/09/1999,110.70
28/09/1999,76.56
29/09/1999,53.60
30/09/1999,39.28
01/10/1999,31.10
02/10/1999,26.65
03/10/1999,55.67
04/10/1999,308.71
05/10/1999,220.60
06/10/1999,116.94
07/10/1999,78.04
08/10/1999,59.49
09/10/1999,49.00
10/10/1999,41.94
11/10/1999,37.23
12/10/1999,32.67
13/10/1999,28.37
14/10/1999,26.28
15/10/1999,29.22
16/10/1999,32.41
17/10/1999,44.69
18/10/1999,85.57
19/10/1999,120.47
20/10/1999,94.46
21/10/1999,68.30
22/10/1999,52.61
23/10/1999,41.25
24/10/1999,35.10
25/10/1999,42.96
26/10/1999,48.20
27/10/1999,44.98
28/10/1999,42.56
29/10/1999,49.49
30/10/1999,110.08
31/10/1999,319.45
01/11/1999,261.92
02/11/1999,246.88
03/11/1999,357.22
04/11/1999,491.45
05/11/1999,636.71
06/11/1999,329.22
07/11/1999,176.37
08/11/1999,112.89
09/11/1999,116.47
10/11/1999,178.29
11/11/1999,149.59
12/11/1999,94.89
13/11/1999,68.29
14/11/1999,53.56
15/11/1999,45.60
16/11/1999,50.23
17/11/1999,497.03
18/11/1999,499.70
19/11/1999,208.49
20/11/1999,137.03
21/11/1999,132.59
22/11/1999,174.57
23/11/1999,200.47
24/11/1999,218.74
25/11/1999,438.53
26/11/1999,292.98
27/11/1999,223.77
28/11/1999,400.37
29/11/1999,369.49
30/11/1999,227.13
01/12/1999,167.11
02/12/1999,237.57
03/12/1999,387.90
04/12/1999,515.57
05/12/1999,332.29
06/12/1999,152.77
07/12/1999,203.77
08/12/1999,277.45
09/12/1999,186.87
10/12/1999,139.93
11/12/1999,104.81
12/12/1999,249.86
13/12/1999,379.66
14/12/1999,180.47
15/12/1999,113.78
16/12/1999,848.18
17/12/1999,918.56
18/12/1999,394.23
19/12/1999,170.65
20/12/1999,102.21
21/12/1999,73.00
22/12/1999,56.66
23/12/1999,48.16
24/12/1999,41.73
25/12/1999,47.33
26/12/1999,93.70
27/12/1999,158.44
28/12/1999,110.89
29/12/1999,88.86
30/12/1999,85.93
31/12/1999,73.35
